{
  "n_total": 193,
  "no_rerank": {
    "n": 163,
    "routing_top3": 0.9570552147239264,
    "collection_top1": 0.8773006134969326,
    "recall_at_5_doc": 0.8834355828220859
  },
  "with_rerank": {
    "n": 163,
    "routing_top3": 1.0,
    "collection_top1": 0.9938650306748467,
    "recall_at_5_doc": 0.9570552147239264
  },
  "delta": {
    "routing_top3": 0.042944785276073594,
    "collection_top1": 0.1165644171779141,
    "recall_at_5_doc": 0.07361963190184051
  },
  "timing_sec": {
    "hybrid_total": 21.89,
    "rerank_total": 107.63,
    "rerank_per_query_ms": 557.7
  }
}