{
  "faithfulness": 0.8296307958248986,
  "answer_relevancy": 0.5202729666023811,
  "context_precision": 0.8512432011792816,
  "context_recall": 0.9241898148148147,
  "n": 144
}