{
  "faithfulness": 0.7060506539886242,
  "answer_relevancy": 0.4273848146509019,
  "context_precision": 0.7237638398531854,
  "context_recall": 0.8394683026584868,
  "n": 163
}